,MLP,EW,MVO
totalReturn,-0.022794634209051146,0.019249319514187402,-0.047403559028596054
annualReturn,-0.05383686410684507,0.04682246093205533,-0.1100174508843218
sharpeRatio,-0.8080943765316639,0.05989127626249265,-1.1659173656645385
volatility,0.1418651327948162,0.1859818753256312,0.1360050558451494
maxDrawdown,-0.08250864057037333,-0.08845425724585476,-0.0869402805793541
