,MLP,CNN,RNN,EW
totalReturn,0.19821896478332213,0.19406543965039758,0.014013274292421496,0.019249319514187402
annualReturn,0.5434297027208281,0.5306204396411882,0.03396237813669156,0.04682246093205533
sharpeRatio,2.3226449817718526,2.2778755218983147,-0.6552399603085102,0.05989127626249265
volatility,0.2048607421308482,0.2050515347473548,0.1243442713268866,0.1859818753256312
maxDrawdown,-0.04595771678214666,-0.04698058156233442,-0.044943016072631736,-0.08845425724585476
